Workbook

Sheet דשבורד ראשי
A1: דשבורד פרויקט
A2: שם הפרויקט: | B2: דב"ר | E2: תאריך עדכון: | F2: =TODAY()
A4: תמונת מצב מהירה
A5: שלב נוכחי | C5: % התקדמות | E5: סוכנים פעילים | G5: חסימות פתוחות
A6: =הגדרות!B2 | C6: ='לוח זמנים'!E14 | E6: =COUNTIF('צוות וסוכנים'!D:D,"בעבודה") | G6: =COUNTIF('סנכרון ותלויות'!E:E,"חסום")
A9: אבני דרך קרובות (מתוך 'לוח זמנים')
A10: אבן דרך | B10: תאריך יעד | C10: סטטוס | D10: אחראי
A11: =IF('לוח זמנים'!B3="","",'לוח זמנים'!B3) | B11: =IF('לוח זמנים'!C3="","",'לוח זמנים'!C3) | C11: =IF('לוח זמנים'!D3="","",'לוח זמנים'!D3) | D11: =IF('לוח זמנים'!F3="","",'לוח זמנים'!F3)
A12: =IF('לוח זמנים'!B4="","",'לוח זמנים'!B4) | B12: =IF('לוח זמנים'!C4="","",'לוח זמנים'!C4) | C12: =IF('לוח זמנים'!D4="","",'לוח זמנים'!D4) | D12: =IF('לוח זמנים'!F4="","",'לוח זמנים'!F4)
A13: =IF('לוח זמנים'!B5="","",'לוח זמנים'!B5) | B13: =IF('לוח זמנים'!C5="","",'לוח זמנים'!C5) | C13: =IF('לוח זמנים'!D5="","",'לוח זמנים'!D5) | D13: =IF('לוח זמנים'!F5="","",'לוח זמנים'!F5)
A14: =IF('לוח זמנים'!B6="","",'לוח זמנים'!B6) | B14: =IF('לוח זמנים'!C6="","",'לוח זמנים'!C6) | C14: =IF('לוח זמנים'!D6="","",'לוח זמנים'!D6) | D14: =IF('לוח זמנים'!F6="","",'לוח זמנים'!F6)
A15: =IF('לוח זמנים'!B7="","",'לוח זמנים'!B7) | B15: =IF('לוח זמנים'!C7="","",'לוח זמנים'!C7) | C15: =IF('לוח זמנים'!D7="","",'לוח זמנים'!D7) | D15: =IF('לוח זמנים'!F7="","",'לוח זמנים'!F7)
A17: סיכונים פתוחים בעדיפות גבוהה (מתוך 'סיכונים')
A18: סיכון | B18: השפעה | C18: סטטוס | D18: דרך התמודדות
A19: =IF(סיכונים!B3="","",סיכונים!B3) | B19: =IF(סיכונים!D3="","",סיכונים!D3) | C19: =IF(סיכונים!E3="","",סיכונים!E3) | D19: =IF(סיכונים!F3="","",סיכונים!F3)
A20: =IF(סיכונים!B4="","",סיכונים!B4) | B20: =IF(סיכונים!D4="","",סיכונים!D4) | C20: =IF(סיכונים!E4="","",סיכונים!E4) | D20: =IF(סיכונים!F4="","",סיכונים!F4)
A21: =IF(סיכונים!B5="","",סיכונים!B5) | B21: =IF(סיכונים!D5="","",סיכונים!D5) | C21: =IF(סיכונים!E5="","",סיכונים!E5) | D21: =IF(סיכונים!F5="","",סיכונים!F5)
A22: =IF(סיכונים!B6="","",סיכונים!B6) | B22: =IF(סיכונים!D6="","",סיכונים!D6) | C22: =IF(סיכונים!E6="","",סיכונים!E6) | D22: =IF(סיכונים!F6="","",סיכונים!F6)

Sheet הגדרות
A1: הגדרות הפרויקט
A2: הערה | B2: קובץ זה שייך לעותק פרויקט ספציפי. אם זו עדיין תבנית-המקור (project-template), שכפלו אותה קודם - ראו 00-התחלה-כאן.md
A3: שלב נוכחי | B3: ביצוע — איסוף נתונים
A4: תאריך התחלה | B4: 21.06.2026
A5: בעלים | B5: לילך
A6: מטרת הפרויקט | B6: זיהוי ויצירת קשר עם מועמדי הדמוקרטים לפריימריז 2026
A7: הגדרת הצלחה | B7: רשימה מלאה של 32 מועמדים עם טלפון ומייל לכל אחד
A8: האם מיזם חדש (כן/לא) | B8: לא
A9: קישור לתיקיית הפרויקט

Sheet צוות וסוכנים
A1: צוות וסוכנים
A2: שם הסוכן | B2: תפקיד בקצרה | C2: סוג (AI/אדם) | D2: סטטוס | E2: עובד על | F2: ממתין ל... | G2: עודכן
A3: agent-איסוף-מידע | B3: שליפת מועמדים ובדיקה יומית | C3: AI | D3: פעיל | E3: בדיקה יומית 19:00 | F3: — | G3: 2026-06-21
A4: agent-העשרת-מידע | B4: איסוף טלפון ומייל לכל מועמד | C4: AI | D4: בעבודה | E4: 24 מועמדים ממתינים | F4: — | G4: 2026-06-21

Sheet לוח זמנים
A1: לוח זמנים ואבני דרך
A2: # | B2: אבן דרך / משימה | C2: תאריך יעד | D2: סטטוס | E2: % התקדמות | F2: אחראי
A3: 1 | B3: שליפת 32 מועמדים מ-hagush.org.il | C3: 2026-06-21 | D3: הושלם | E3: 100 | F3: agent-איסוף-מידע
A4: 2 | B4: בניית קובץ candidates.xlsx עם כל השדות | C4: 2026-06-21 | D4: הושלם | E4: 100 | F4: agent-העשרת-מידע
A5: 3 | B5: איסוף טלפון ומייל — סבב ראשון | C5: 2026-07-15 | D5: בתהליך | E5: 25 | F5: agent-העשרת-מידע
A6: 4 | B6: בדיקה יומית מועמדים חדשים (אוטומטית) | C6: יומי | D6: פעיל | E6: 100 | F6: agent-איסוף-מידע
A7: 5
A8: 6
A9: 7
A10: 8
A11: 9
A12: 10
A14: ממוצע התקדמות כללי: | E14: =IFERROR(AVERAGE(E3:E12),0)

Sheet תקציב ומשאבים
A1: תקציב ומשאבים
A2: סעיף | B2: תקציב מתוכנן | C2: בפועל עד כה | D2: פער | E2: הערות
D3: =B3-C3
D4: =B4-C4
D5: =B5-C5
D6: =B6-C6
D7: =B7-C7
D8: =B8-C8
D9: =B9-C9
D10: =B10-C10
A11: סה"כ | B11: =SUM(B3:B10) | C11: =SUM(C3:C10) | D11: =SUM(D3:D10)

Sheet סיכונים
A1: סיכונים ומעקב
A2: # | B2: סיכון | C2: סבירות | D2: השפעה | E2: סטטוס | F2: דרך התמודדות
A3: 1
A4: 2
A5: 3
A6: 4
A7: 5
A8: 6
A9: 7
A10: 8

Sheet סנכרון ותלויות
A1: סנכרון ותלויות בין סוכנים
A2: סוכן | B2: תלוי ב... | C2: חוסם את... | D2: תאריך עדכון | E2: סטטוס | F2: הערות

Sheet מעקב זמנים
A1: מעקב זמנים
A2: תאריך | B2: משימה | C2: סוכן/אחראי | D2: זמן מתוכנן (שעות) | E2: זמן בפועל (שעות) | F2: פער | G2: הערות
F3: =IF(AND(ISNUMBER(D3),ISNUMBER(E3)),E3-D3,"")
F4: =IF(AND(ISNUMBER(D4),ISNUMBER(E4)),E4-D4,"")
F5: =IF(AND(ISNUMBER(D5),ISNUMBER(E5)),E5-D5,"")
F6: =IF(AND(ISNUMBER(D6),ISNUMBER(E6)),E6-D6,"")
F7: =IF(AND(ISNUMBER(D7),ISNUMBER(E7)),E7-D7,"")
F8: =IF(AND(ISNUMBER(D8),ISNUMBER(E8)),E8-D8,"")
F9: =IF(AND(ISNUMBER(D9),ISNUMBER(E9)),E9-D9,"")
F10: =IF(AND(ISNUMBER(D10),ISNUMBER(E10)),E10-D10,"")
F11: =IF(AND(ISNUMBER(D11),ISNUMBER(E11)),E11-D11,"")
F12: =IF(AND(ISNUMBER(D12),ISNUMBER(E12)),E12-D12,"")
F13: =IF(AND(ISNUMBER(D13),ISNUMBER(E13)),E13-D13,"")
F14: =IF(AND(ISNUMBER(D14),ISNUMBER(E14)),E14-D14,"")
A16: סה"כ | D16: =SUM(D3:D14) | E16: =SUM(E3:E14) | F16: =E16-D16

Sheet חוקים ותובנות
A1: יומן החלטות, לקחים וחוקים
A2: תאריך | B2: סוג (החלטה/לקח/כלל) | C2: תיאור | D2: רלוונטי לפרויקטים מסוג
A3: 2026-06-21 | B3: לקח | C3: רוב מועמדי הדמוקרטים לא מפרסמים טלפון נייד אישי ברשת — יש לפנות דרך טפסי האתר או קבוצות WhatsApp של הקמפיין | D3: פריימריז / CRM מועמדים
